[
{
  "model": "users.user",
  "fields": {
    "password": "pbkdf2_sha256$600000$G5GnioIVtSG8ad2qyNJu3J$siCXdLiwE+JTKxGTqLNvYUojegtLPrn4kM6bvB4qfB0=",
    "last_login": "2026-04-12T08:36:33.624Z",
    "is_superuser": true,
    "username": "deleted_user_1_7f276d83",
    "first_name": "Utilizador",
    "last_name": "Eliminado",
    "email": "deleted_1@deleted.coverde.pt",
    "is_staff": true,
    "date_joined": "2026-04-12T05:06:53.923Z",
    "user_type": "admin",
    "phone": "",
    "district": "",
    "county": "",
    "parish": "",
    "is_verified": false,
    "email_verified_at": null,
    "is_active": false,
    "profile_image": "",
    "accepted_terms_at": null,
    "accepted_privacy_policy_at": null,
    "marketing_opt_in": false,
    "marketing_opt_in_at": null,
    "producer_public_profile_consent_at": null,
    "data_exported_at": null,
    "data_deleted_at": "2026-04-12T08:49:38.943Z",
    "deletion_requested_at": null,
    "login_attempts": 0,
    "locked_until": null,
    "last_login_ip": "127.0.0.1",
    "two_factor_enabled": false,
    "groups": [],
    "user_permissions": []
  }
},
{
  "model": "users.user",
  "fields": {
    "password": "pbkdf2_sha256$600000$qtyTbSzSXNQqtbWbGAmfKo$Mn5ZEvU5E/1dIboCFchFDvxIgHkgkBPhjZbq1d+wT0U=",
    "last_login": null,
    "is_superuser": false,
    "username": "quintadosol",
    "first_name": "",
    "last_name": "",
    "email": "quintadosol@sides.co.pt",
    "is_staff": false,
    "date_joined": "2026-04-12T06:04:29.740Z",
    "user_type": "producer",
    "phone": "",
    "district": "",
    "county": "",
    "parish": "",
    "is_verified": false,
    "email_verified_at": null,
    "is_active": true,
    "profile_image": "",
    "accepted_terms_at": null,
    "accepted_privacy_policy_at": null,
    "marketing_opt_in": false,
    "marketing_opt_in_at": null,
    "producer_public_profile_consent_at": null,
    "data_exported_at": null,
    "data_deleted_at": null,
    "deletion_requested_at": null,
    "login_attempts": 0,
    "locked_until": null,
    "last_login_ip": null,
    "two_factor_enabled": false,
    "groups": [],
    "user_permissions": []
  }
},
{
  "model": "users.user",
  "fields": {
    "password": "pbkdf2_sha256$600000$87RbgQav2Er8K94XmVNS6B$GHME40T6Fr+2iubK44ZYpvAAcBZIuAGI8aMzMq7xMCc=",
    "last_login": null,
    "is_superuser": false,
    "username": "Mariscosul",
    "first_name": "Maria",
    "last_name": "Sol",
    "email": "mariscosul@sides.co.mz",
    "is_staff": false,
    "date_joined": "2026-04-12T06:58:55.852Z",
    "user_type": "consumer",
    "phone": "+351912345678",
    "district": "Coimbra",
    "county": "Coimbra",
    "parish": "Olivais",
    "is_verified": false,
    "email_verified_at": null,
    "is_active": true,
    "profile_image": "",
    "accepted_terms_at": "2026-04-12T06:58:56.402Z",
    "accepted_privacy_policy_at": "2026-04-12T06:58:56.402Z",
    "marketing_opt_in": false,
    "marketing_opt_in_at": null,
    "producer_public_profile_consent_at": null,
    "data_exported_at": null,
    "data_deleted_at": null,
    "deletion_requested_at": null,
    "login_attempts": 0,
    "locked_until": null,
    "last_login_ip": null,
    "two_factor_enabled": false,
    "groups": [],
    "user_permissions": []
  }
},
{
  "model": "users.user",
  "fields": {
    "password": "pbkdf2_sha256$600000$OiBjBoHH61stOfGkcK78Jp$eWLOUnipFywsWwdpStz5PAkTwZLPNZeHsw5kCipx3oE=",
    "last_login": null,
    "is_superuser": false,
    "username": "agrobuana",
    "first_name": "Akeellah Guerra",
    "last_name": "Cuambe Guerra",
    "email": "a2023110951@alumni.iscac.pt",
    "is_staff": false,
    "date_joined": "2026-04-12T07:12:58.898Z",
    "user_type": "consumer",
    "phone": "+351936274286",
    "district": "Coimbra",
    "county": "Coimbra",
    "parish": "Olivais",
    "is_verified": false,
    "email_verified_at": null,
    "is_active": true,
    "profile_image": "",
    "accepted_terms_at": "2026-04-12T07:12:59.447Z",
    "accepted_privacy_policy_at": "2026-04-12T07:12:59.447Z",
    "marketing_opt_in": false,
    "marketing_opt_in_at": null,
    "producer_public_profile_consent_at": null,
    "data_exported_at": null,
    "data_deleted_at": null,
    "deletion_requested_at": null,
    "login_attempts": 0,
    "locked_until": null,
    "last_login_ip": "127.0.0.1",
    "two_factor_enabled": false,
    "groups": [],
    "user_permissions": []
  }
},
{
  "model": "users.user",
  "fields": {
    "password": "pbkdf2_sha256$600000$nufHgbyBxg1Xn1zFQp7aZf$EA/LI7KEdOi/L68hThqg+oiLDKBa5+4NtyE5aBSP9rM=",
    "last_login": "2026-04-12T08:22:37.565Z",
    "is_superuser": false,
    "username": "Alberto",
    "first_name": "Agro",
    "last_name": "Buana",
    "email": "agrobuana@sides.co.mz",
    "is_staff": false,
    "date_joined": "2026-04-12T08:14:32.124Z",
    "user_type": "consumer",
    "phone": "912345678",
    "district": "Coimbra",
    "county": "Coimbra",
    "parish": "Olivais",
    "is_verified": false,
    "email_verified_at": null,
    "is_active": true,
    "profile_image": "",
    "accepted_terms_at": "2026-04-12T08:14:33.302Z",
    "accepted_privacy_policy_at": "2026-04-12T08:14:33.302Z",
    "marketing_opt_in": false,
    "marketing_opt_in_at": null,
    "producer_public_profile_consent_at": null,
    "data_exported_at": null,
    "data_deleted_at": null,
    "deletion_requested_at": null,
    "login_attempts": 0,
    "locked_until": null,
    "last_login_ip": "127.0.0.1",
    "two_factor_enabled": false,
    "groups": [],
    "user_permissions": []
  }
},
{
  "model": "users.user",
  "fields": {
    "password": "pbkdf2_sha256$600000$aiRhoAwkcu8UkxBMwYQUDo$2utTfyM1G+csH/HwGwNk2hWl0E9pLwR8yzkv1r6OusI=",
    "last_login": "2026-04-12T13:16:33.551Z",
    "is_superuser": false,
    "username": "hortadavila",
    "first_name": "Horta",
    "last_name": "Da Vila",
    "email": "hortadavila@sides.co.mz",
    "is_staff": false,
    "date_joined": "2026-04-12T08:30:48.760Z",
    "user_type": "producer",
    "phone": "923456781",
    "district": "Coimbra",
    "county": "Coimbra",
    "parish": "Olivais",
    "is_verified": false,
    "email_verified_at": null,
    "is_active": true,
    "profile_image": "",
    "accepted_terms_at": "2026-04-12T08:30:49.878Z",
    "accepted_privacy_policy_at": "2026-04-12T08:30:49.878Z",
    "marketing_opt_in": false,
    "marketing_opt_in_at": null,
    "producer_public_profile_consent_at": "2026-04-12T08:30:49.881Z",
    "data_exported_at": null,
    "data_deleted_at": null,
    "deletion_requested_at": null,
    "login_attempts": 0,
    "locked_until": null,
    "last_login_ip": "127.0.0.1",
    "two_factor_enabled": false,
    "groups": [],
    "user_permissions": []
  }
},
{
  "model": "users.user",
  "fields": {
    "password": "pbkdf2_sha256$600000$l4ghKR5h2IxJv9i6kMxDqP$DDu2ZPcI4Dfe+4jvroo4LaEJOskn6Ofn54sgVuswmu8=",
    "last_login": "2026-04-12T14:09:43.832Z",
    "is_superuser": true,
    "username": "Admin",
    "first_name": "",
    "last_name": "",
    "email": "a2023110951@alumni.iscac.pt",
    "is_staff": true,
    "date_joined": "2026-04-12T09:38:14.954Z",
    "user_type": "admin",
    "phone": "",
    "district": "",
    "county": "",
    "parish": "",
    "is_verified": false,
    "email_verified_at": null,
    "is_active": true,
    "profile_image": "",
    "accepted_terms_at": null,
    "accepted_privacy_policy_at": null,
    "marketing_opt_in": false,
    "marketing_opt_in_at": null,
    "producer_public_profile_consent_at": null,
    "data_exported_at": null,
    "data_deleted_at": null,
    "deletion_requested_at": null,
    "login_attempts": 0,
    "locked_until": null,
    "last_login_ip": "127.0.0.1",
    "two_factor_enabled": false,
    "groups": [],
    "user_permissions": []
  }
},
{
  "model": "users.user",
  "fields": {
    "password": "pbkdf2_sha256$600000$WNpz8YThkeRlbMExvf8d9n$NZ2R0UTlpc8rUGeXsoF0p6fqLZSCjSFDWhouKyHY1sE=",
    "last_login": "2026-04-12T14:05:22.932Z",
    "is_superuser": false,
    "username": "Diva",
    "first_name": "Dinoide",
    "last_name": "Ana",
    "email": "diva@diva.com",
    "is_staff": false,
    "date_joined": "2026-04-12T13:04:41.544Z",
    "user_type": "consumer",
    "phone": "324123564",
    "district": "Coimbra",
    "county": "Viseu",
    "parish": "Viseu",
    "is_verified": false,
    "email_verified_at": null,
    "is_active": true,
    "profile_image": "",
    "accepted_terms_at": "2026-04-12T13:04:43.014Z",
    "accepted_privacy_policy_at": "2026-04-12T13:04:43.014Z",
    "marketing_opt_in": false,
    "marketing_opt_in_at": null,
    "producer_public_profile_consent_at": null,
    "data_exported_at": null,
    "data_deleted_at": null,
    "deletion_requested_at": null,
    "login_attempts": 0,
    "locked_until": null,
    "last_login_ip": "127.0.0.1",
    "two_factor_enabled": false,
    "groups": [],
    "user_permissions": []
  }
},
{
  "model": "users.user",
  "fields": {
    "password": "pbkdf2_sha256$600000$ag6SKt9F21ntiljWmo1ANe$qYL20905DzbIySblMdEWSTrHLXCqXr0KG33ZcM3lZkI=",
    "last_login": "2026-04-12T14:07:25.595Z",
    "is_superuser": false,
    "username": "Betinho",
    "first_name": "Alberto",
    "last_name": "Cowboy",
    "email": "Alberto@cowboy.com",
    "is_staff": false,
    "date_joined": "2026-04-12T13:33:58.936Z",
    "user_type": "producer",
    "phone": "908765432",
    "district": "Coimbra",
    "county": "Condeixa",
    "parish": "Condeixa",
    "is_verified": false,
    "email_verified_at": null,
    "is_active": true,
    "profile_image": "",
    "accepted_terms_at": "2026-04-12T13:33:59.522Z",
    "accepted_privacy_policy_at": "2026-04-12T13:33:59.522Z",
    "marketing_opt_in": false,
    "marketing_opt_in_at": null,
    "producer_public_profile_consent_at": "2026-04-12T13:33:59.522Z",
    "data_exported_at": null,
    "data_deleted_at": null,
    "deletion_requested_at": null,
    "login_attempts": 0,
    "locked_until": null,
    "last_login_ip": "127.0.0.1",
    "two_factor_enabled": false,
    "groups": [],
    "user_permissions": []
  }
},
{
  "model": "users.producer",
  "pk": 1,
  "fields": {
    "user": [
      "hortadavila"
    ],
    "name": "QQB",
    "description": "Produtos frescos colhidos diariamente",
    "location": "Coimbra 3030-152",
    "nif": "926908045",
    "verification_document": "producers/verification/2012_photo5.jpeg",
    "is_verified": false,
    "verified_at": null,
    "verified_by": null,
    "rating": "0.00",
    "total_ratings": 0,
    "total_products": 0,
    "total_sales": 0,
    "is_active": true,
    "created_at": "2026-04-12T08:30:49.974Z",
    "updated_at": "2026-04-12T08:35:22.544Z"
  }
},
{
  "model": "users.producer",
  "pk": 2,
  "fields": {
    "user": [
      "Betinho"
    ],
    "name": "Quinta Beto",
    "description": "Terra fΘrtil",
    "location": "Coimbra 3030-158",
    "nif": "",
    "verification_document": "",
    "is_verified": false,
    "verified_at": null,
    "verified_by": null,
    "rating": "0.00",
    "total_ratings": 0,
    "total_products": 0,
    "total_sales": 0,
    "is_active": true,
    "created_at": "2026-04-12T13:33:59.542Z",
    "updated_at": "2026-04-12T13:33:59.553Z"
  }
},
{
  "model": "users.category",
  "pk": 3,
  "fields": {
    "name": "FRUTAS",
    "slug": "frutas",
    "parent": null,
    "icon": "",
    "image": "categories/Tangerina.webp",
    "is_active": true,
    "order": 3
  }
},
{
  "model": "users.category",
  "pk": 4,
  "fields": {
    "name": "LEGUMES",
    "slug": "legumes",
    "parent": null,
    "icon": "",
    "image": "",
    "is_active": true,
    "order": 4
  }
},
{
  "model": "users.category",
  "pk": 5,
  "fields": {
    "name": "VEGETAIS",
    "slug": "vegetais",
    "parent": null,
    "icon": "",
    "image": "",
    "is_active": true,
    "order": 7
  }
},
{
  "model": "users.category",
  "pk": 6,
  "fields": {
    "name": "GR├OS",
    "slug": "graos",
    "parent": null,
    "icon": "",
    "image": "",
    "is_active": true,
    "order": 2
  }
},
{
  "model": "users.category",
  "pk": 7,
  "fields": {
    "name": "ORG┬NICOS",
    "slug": "organicos",
    "parent": null,
    "icon": "",
    "image": "",
    "is_active": true,
    "order": 6
  }
},
{
  "model": "users.category",
  "pk": 8,
  "fields": {
    "name": "HORTALI╟AS",
    "slug": "hortalicas",
    "parent": null,
    "icon": "",
    "image": "",
    "is_active": true,
    "order": 2
  }
},
{
  "model": "users.product",
  "pk": 1,
  "fields": {
    "producer": 1,
    "category": null,
    "name": "Alface",
    "slug": "alface",
    "description": "Fresca",
    "price": "0.75",
    "stock": 15,
    "unit": "maco",
    "certification": "",
    "main_image": "products/Alface_VREDks6.png",
    "extra_images": [],
    "average_rating": "0.00",
    "total_reviews": 0,
    "total_sold": 0,
    "is_active": true,
    "is_featured": false,
    "created_at": "2026-04-12T10:46:11.392Z",
    "updated_at": "2026-04-12T10:46:11.392Z"
  }
},
{
  "model": "users.product",
  "pk": 2,
  "fields": {
    "producer": 1,
    "category": null,
    "name": "Espinafre",
    "slug": "espinafre",
    "description": "Fresco",
    "price": "0.39",
    "stock": 19,
    "unit": "maco",
    "certification": "",
    "main_image": "products/Espinafre_Frescos.jpg",
    "extra_images": [],
    "average_rating": "0.00",
    "total_reviews": 0,
    "total_sold": 0,
    "is_active": true,
    "is_featured": false,
    "created_at": "2026-04-12T13:27:24.671Z",
    "updated_at": "2026-04-12T13:27:24.671Z"
  }
},
{
  "model": "users.product",
  "pk": 3,
  "fields": {
    "producer": 1,
    "category": null,
    "name": "Couve Tronchuda",
    "slug": "couve-tronchuda",
    "description": "Fresca",
    "price": "0.82",
    "stock": 34,
    "unit": "maco",
    "certification": "",
    "main_image": "products/Couve_Tronchuda.png",
    "extra_images": [],
    "average_rating": "0.00",
    "total_reviews": 0,
    "total_sold": 0,
    "is_active": true,
    "is_featured": false,
    "created_at": "2026-04-12T13:28:51.986Z",
    "updated_at": "2026-04-12T13:28:51.986Z"
  }
},
{
  "model": "users.product",
  "pk": 4,
  "fields": {
    "producer": 1,
    "category": null,
    "name": "Pimentπo",
    "slug": "pimentao",
    "description": "Fresco",
    "price": "3.64",
    "stock": 27,
    "unit": "kg",
    "certification": "",
    "main_image": "products/Pimentπo_JmJJR0K.png",
    "extra_images": [],
    "average_rating": "0.00",
    "total_reviews": 0,
    "total_sold": 0,
    "is_active": true,
    "is_featured": false,
    "created_at": "2026-04-12T13:30:41.057Z",
    "updated_at": "2026-04-12T13:30:41.057Z"
  }
},
{
  "model": "users.product",
  "pk": 5,
  "fields": {
    "producer": 2,
    "category": 3,
    "name": "abacate",
    "slug": "abacate",
    "description": "Fresca",
    "price": "0.45",
    "stock": 67,
    "unit": "un",
    "certification": "",
    "main_image": "products/Abacate_VpJWke1.webp",
    "extra_images": [],
    "average_rating": "0.00",
    "total_reviews": 0,
    "total_sold": 0,
    "is_active": true,
    "is_featured": false,
    "created_at": "2026-04-12T13:47:49.298Z",
    "updated_at": "2026-04-12T13:47:49.298Z"
  }
},
{
  "model": "users.product",
  "pk": 6,
  "fields": {
    "producer": 2,
    "category": 3,
    "name": "Cereja",
    "slug": "cereja",
    "description": "Fresca",
    "price": "2.55",
    "stock": 81,
    "unit": "kg",
    "certification": "",
    "main_image": "products/Cereja_v0sFVtb.png",
    "extra_images": [],
    "average_rating": "0.00",
    "total_reviews": 0,
    "total_sold": 0,
    "is_active": true,
    "is_featured": false,
    "created_at": "2026-04-12T13:49:22.440Z",
    "updated_at": "2026-04-12T13:49:22.440Z"
  }
},
{
  "model": "users.product",
  "pk": 7,
  "fields": {
    "producer": 2,
    "category": 3,
    "name": "Manga",
    "slug": "manga",
    "description": "Fresca",
    "price": "1.00",
    "stock": 48,
    "unit": "un",
    "certification": "",
    "main_image": "products/Manga_ML0KlZL.webp",
    "extra_images": [],
    "average_rating": "0.00",
    "total_reviews": 0,
    "total_sold": 0,
    "is_active": true,
    "is_featured": false,
    "created_at": "2026-04-12T13:51:00.074Z",
    "updated_at": "2026-04-12T13:51:00.074Z"
  }
},
{
  "model": "users.product",
  "pk": 8,
  "fields": {
    "producer": 2,
    "category": 3,
    "name": "Laranja",
    "slug": "laranja",
    "description": "Fresca",
    "price": "2.66",
    "stock": 17,
    "unit": "kg",
    "certification": "",
    "main_image": "products/Laranja_A552jZd.webp",
    "extra_images": [],
    "average_rating": "0.00",
    "total_reviews": 0,
    "total_sold": 0,
    "is_active": true,
    "is_featured": false,
    "created_at": "2026-04-12T13:52:25.372Z",
    "updated_at": "2026-04-12T13:52:25.372Z"
  }
},
{
  "model": "users.product",
  "pk": 9,
  "fields": {
    "producer": 2,
    "category": 3,
    "name": "Limπo",
    "slug": "limao",
    "description": "Fresca",
    "price": "0.35",
    "stock": 28,
    "unit": "kg",
    "certification": "",
    "main_image": "products/Limπo_68wLaZ7.webp",
    "extra_images": [],
    "average_rating": "0.00",
    "total_reviews": 0,
    "total_sold": 0,
    "is_active": true,
    "is_featured": false,
    "created_at": "2026-04-12T13:53:39.029Z",
    "updated_at": "2026-04-12T13:53:39.029Z"
  }
},
{
  "model": "users.order",
  "pk": 1,
  "fields": {
    "user": [
      "hortadavila"
    ],
    "subtotal": "1.50",
    "shipping_cost": "5.00",
    "vat": "0.00",
    "total": "6.50",
    "status": "pending",
    "shipping_address": "xxxxxxxxxxxxxxxxxxxxxxxxxxxx",
    "shipping_contact": "923456781",
    "tracking_code": "",
    "invoice_number": "COV-2026-000002",
    "invoice_pdf": "",
    "created_at": "2026-04-12T12:38:47.029Z",
    "updated_at": "2026-04-12T12:38:47.069Z",
    "paid_at": null,
    "delivered_at": null
  }
},
{
  "model": "users.order",
  "pk": 2,
  "fields": {
    "user": [
      "Diva"
    ],
    "subtotal": "3.75",
    "shipping_cost": "5.00",
    "vat": "0.00",
    "total": "8.75",
    "status": "pending",
    "shipping_address": "cccccccccccccccccccccccccccccc",
    "shipping_contact": "324123564",
    "tracking_code": "",
    "invoice_number": "COV-2026-000003",
    "invoice_pdf": "",
    "created_at": "2026-04-12T13:16:03.140Z",
    "updated_at": "2026-04-12T13:16:03.544Z",
    "paid_at": null,
    "delivered_at": null
  }
},
{
  "model": "users.order",
  "pk": 3,
  "fields": {
    "user": [
      "Diva"
    ],
    "subtotal": "3.71",
    "shipping_cost": "5.00",
    "vat": "0.00",
    "total": "8.71",
    "status": "pending",
    "shipping_address": "vvvvvvvvvvvvvvvvv",
    "shipping_contact": "324123564",
    "tracking_code": "",
    "invoice_number": "COV-2026-000004",
    "invoice_pdf": "",
    "created_at": "2026-04-12T14:06:07.964Z",
    "updated_at": "2026-04-12T14:06:08.000Z",
    "paid_at": null,
    "delivered_at": null
  }
},
{
  "model": "users.orderitem",
  "pk": 1,
  "fields": {
    "order": 1,
    "product": 1,
    "quantity": 2,
    "price": "0.75",
    "product_name": "Alface",
    "producer_name": "QQB"
  }
},
{
  "model": "users.orderitem",
  "pk": 2,
  "fields": {
    "order": 2,
    "product": 1,
    "quantity": 5,
    "price": "0.75",
    "product_name": "Alface",
    "producer_name": "QQB"
  }
},
{
  "model": "users.orderitem",
  "pk": 3,
  "fields": {
    "order": 3,
    "product": 9,
    "quantity": 3,
    "price": "0.35",
    "product_name": "Limπo",
    "producer_name": "Quinta Beto"
  }
},
{
  "model": "users.orderitem",
  "pk": 4,
  "fields": {
    "order": 3,
    "product": 8,
    "quantity": 1,
    "price": "2.66",
    "product_name": "Laranja",
    "producer_name": "Quinta Beto"
  }
},
{
  "model": "users.cart",
  "pk": 1,
  "fields": {
    "session_key": "omb0pvx2yisg2ybfyxyf6k1adg674gax",
    "items": [],
    "created_at": "2026-04-12T08:16:46.258Z",
    "updated_at": "2026-04-12T08:16:46.258Z"
  }
},
{
  "model": "users.cart",
  "pk": 2,
  "fields": {
    "session_key": "h53h3xpjwqh56skkftc3gkqb63eoyahs",
    "items": [
      {
        "product_id": 1,
        "quantity": 1
      }
    ],
    "created_at": "2026-04-12T10:57:07.850Z",
    "updated_at": "2026-04-12T10:57:09.106Z"
  }
},
{
  "model": "users.cart",
  "pk": 3,
  "fields": {
    "session_key": "a0ynn61ttrodxw2lwenzsf31yzossoe4",
    "items": [
      {
        "product_id": 1,
        "quantity": 1
      }
    ],
    "created_at": "2026-04-12T10:57:07.835Z",
    "updated_at": "2026-04-12T10:57:11.189Z"
  }
},
{
  "model": "users.cart",
  "pk": 4,
  "fields": {
    "session_key": "2gbmhygzor6nucend407fpsnbyq5uqz9",
    "items": [],
    "created_at": "2026-04-12T12:37:51.732Z",
    "updated_at": "2026-04-12T12:38:47.086Z"
  }
},
{
  "model": "users.cart",
  "pk": 5,
  "fields": {
    "session_key": "pfbhb433qvwtn67sq0z80lqjf8dehrdk",
    "items": [
      {
        "product_id": 1,
        "quantity": 10
      }
    ],
    "created_at": "2026-04-12T12:40:38.872Z",
    "updated_at": "2026-04-12T13:03:05.178Z"
  }
},
{
  "model": "users.cart",
  "pk": 6,
  "fields": {
    "session_key": "cnw5js32wf50mw36p3ruycs80hog4ev4",
    "items": [],
    "created_at": "2026-04-12T13:05:25.271Z",
    "updated_at": "2026-04-12T13:16:05.137Z"
  }
},
{
  "model": "users.cart",
  "pk": 7,
  "fields": {
    "session_key": "c8alrzqcuk0elk7vhz6cg8inevjbx1oz",
    "items": [
      {
        "product_id": 5,
        "quantity": 1
      },
      {
        "product_id": 8,
        "quantity": 1
      },
      {
        "product_id": 9,
        "quantity": 1
      }
    ],
    "created_at": "2026-04-12T13:54:16.650Z",
    "updated_at": "2026-04-12T13:54:28.877Z"
  }
},
{
  "model": "users.cart",
  "pk": 8,
  "fields": {
    "session_key": "6s9pxmnsu40olr9hqmir4uxbnm14v2z3",
    "items": [
      {
        "product_id": 9,
        "quantity": 1
      }
    ],
    "created_at": "2026-04-12T14:04:36.410Z",
    "updated_at": "2026-04-12T14:04:36.434Z"
  }
},
{
  "model": "users.cart",
  "pk": 9,
  "fields": {
    "session_key": "m2v0y5vlsz3tltvne3skeu1y4surf7me",
    "items": [],
    "created_at": "2026-04-12T14:05:22.969Z",
    "updated_at": "2026-04-12T14:06:08.016Z"
  }
},
{
  "model": "users.emailverificationtoken",
  "pk": 1,
  "fields": {
    "user": [
      "Mariscosul"
    ],
    "token": "82cbec19-94e5-46d3-bef3-abcb77ae531b",
    "created_at": "2026-04-12T06:58:56.435Z",
    "used_at": null
  }
},
{
  "model": "users.emailverificationtoken",
  "pk": 2,
  "fields": {
    "user": [
      "agrobuana"
    ],
    "token": "94b4fd68-cc3b-4cc2-9d1d-86b831cb5d11",
    "created_at": "2026-04-12T07:12:59.466Z",
    "used_at": null
  }
},
{
  "model": "users.emailverificationtoken",
  "pk": 3,
  "fields": {
    "user": [
      "agrobuana"
    ],
    "token": "40759222-b46f-4d5e-a840-5742ad248aac",
    "created_at": "2026-04-12T07:18:24.619Z",
    "used_at": null
  }
},
{
  "model": "users.emailverificationtoken",
  "pk": 4,
  "fields": {
    "user": [
      "Alberto"
    ],
    "token": "8b5a6824-40af-4c10-b5d6-8e57c2406427",
    "created_at": "2026-04-12T08:14:33.402Z",
    "used_at": null
  }
},
{
  "model": "users.emailverificationtoken",
  "pk": 5,
  "fields": {
    "user": [
      "Alberto"
    ],
    "token": "e526ba7f-b739-4564-871b-ec67cc95eaf7",
    "created_at": "2026-04-12T08:17:55.153Z",
    "used_at": null
  }
},
{
  "model": "users.emailverificationtoken",
  "pk": 6,
  "fields": {
    "user": [
      "Alberto"
    ],
    "token": "263bec89-1b65-401c-96bb-5d9ce5b2913c",
    "created_at": "2026-04-12T08:22:35.965Z",
    "used_at": null
  }
},
{
  "model": "users.emailverificationtoken",
  "pk": 7,
  "fields": {
    "user": [
      "hortadavila"
    ],
    "token": "97d24ad0-6cdd-4568-93fa-05aa36e2b14b",
    "created_at": "2026-04-12T08:30:50.006Z",
    "used_at": null
  }
},
{
  "model": "users.emailverificationtoken",
  "pk": 8,
  "fields": {
    "user": [
      "hortadavila"
    ],
    "token": "464cabce-1e06-436e-b11a-a4d15cc618a6",
    "created_at": "2026-04-12T08:31:46.581Z",
    "used_at": null
  }
},
{
  "model": "users.emailverificationtoken",
  "pk": 9,
  "fields": {
    "user": [
      "hortadavila"
    ],
    "token": "9be14a25-f5db-491f-978b-b625c6b7c527",
    "created_at": "2026-04-12T08:49:58.907Z",
    "used_at": null
  }
},
{
  "model": "users.emailverificationtoken",
  "pk": 10,
  "fields": {
    "user": [
      "hortadavila"
    ],
    "token": "0bd26d57-5a2d-4098-b3bf-f84067e45435",
    "created_at": "2026-04-12T08:57:03.241Z",
    "used_at": null
  }
},
{
  "model": "users.emailverificationtoken",
  "pk": 11,
  "fields": {
    "user": [
      "hortadavila"
    ],
    "token": "e0247194-075c-4eaa-ae90-740c3ef8bef2",
    "created_at": "2026-04-12T10:45:02.546Z",
    "used_at": null
  }
},
{
  "model": "users.emailverificationtoken",
  "pk": 12,
  "fields": {
    "user": [
      "hortadavila"
    ],
    "token": "fc27b486-9636-413f-8a45-9228ae9612e1",
    "created_at": "2026-04-12T11:02:52.206Z",
    "used_at": null
  }
},
{
  "model": "users.emailverificationtoken",
  "pk": 13,
  "fields": {
    "user": [
      "Diva"
    ],
    "token": "767d40ef-1189-406a-90ff-8f5af2d83af5",
    "created_at": "2026-04-12T13:04:43.110Z",
    "used_at": null
  }
},
{
  "model": "users.emailverificationtoken",
  "pk": 14,
  "fields": {
    "user": [
      "Diva"
    ],
    "token": "9f9d79cb-8cb7-4839-9754-180aca9d4090",
    "created_at": "2026-04-12T13:05:25.078Z",
    "used_at": null
  }
},
{
  "model": "users.emailverificationtoken",
  "pk": 15,
  "fields": {
    "user": [
      "hortadavila"
    ],
    "token": "27eb12a8-f32b-4400-9639-b71432d1055a",
    "created_at": "2026-04-12T13:16:33.466Z",
    "used_at": null
  }
},
{
  "model": "users.emailverificationtoken",
  "pk": 16,
  "fields": {
    "user": [
      "Betinho"
    ],
    "token": "38aa2cb4-03ba-45d4-a912-76f29686c9a8",
    "created_at": "2026-04-12T13:33:59.564Z",
    "used_at": null
  }
},
{
  "model": "users.emailverificationtoken",
  "pk": 17,
  "fields": {
    "user": [
      "Betinho"
    ],
    "token": "789c44c7-7ce2-46d0-aa3e-61765cf75ced",
    "created_at": "2026-04-12T13:35:26.483Z",
    "used_at": null
  }
},
{
  "model": "users.emailverificationtoken",
  "pk": 18,
  "fields": {
    "user": [
      "Betinho"
    ],
    "token": "8d14c89b-30ba-4f31-9582-b621b505078c",
    "created_at": "2026-04-12T13:46:53.797Z",
    "used_at": null
  }
},
{
  "model": "users.emailverificationtoken",
  "pk": 19,
  "fields": {
    "user": [
      "Diva"
    ],
    "token": "c2b68bf1-05a9-48fb-9f25-7883c0d577b7",
    "created_at": "2026-04-12T14:05:21.539Z",
    "used_at": null
  }
},
{
  "model": "users.emailverificationtoken",
  "pk": 20,
  "fields": {
    "user": [
      "Betinho"
    ],
    "token": "81da91a4-7709-45b2-a527-0d07cb66c85a",
    "created_at": "2026-04-12T14:07:25.546Z",
    "used_at": null
  }
},
{
  "model": "producers.producer",
  "pk": 1,
  "fields": {
    "user": [
      "deleted_user_1_7f276d83"
    ],
    "name": "Quinta do Sol",
    "description": "xxxxxxxxxxxxxxxxxxxxxxxxxxxxx",
    "location": "Sintra",
    "rating": "1.00",
    "active": true,
    "created_at": "2026-04-12T05:10:37.681Z"
  }
},
{
  "model": "products.product",
  "pk": 1,
  "fields": {
    "producer": 1,
    "name": "Maτπ",
    "description": "Tomate fresco de produτπo local, colhido diariamente, ideal para consumo domΘstico e restauraτπo.",
    "price": "2.50",
    "category": "Frutas",
    "unit": "kg",
    "stock": 98,
    "available": true,
    "is_organic": false,
    "created_at": "2026-04-12T08:48:56.209Z"
  }
}
]
